<?xml version="1.0" encoding="UTF-8" standalone="yes"?>
<MessagePool xmlns="http://wwww.ibm.com/iib/test/1.0.0">
    <MQInputMessage timestamp="1514559456506" nodeId="FCMComposite_1_1" name="Employee 0010" id="1514559456506-135">
        <plainText>%3C%3Fxml+version%3D%221.0%22+encoding%3D%22UTF-8%22%3F%3E%3Ctns0%3AEnvelope+xmlns%3Atns0%3D%22http%3A%2F%2Fschemas.xmlsoap.org%2Fsoap%2Fenvelope%2F%22+xmlns%3Atns1%3D%22http%3A%2F%2FEmployeeService%22+xmlns%3Axsi%3D%22http%3A%2F%2Fwww.w3.org%2F2001%2FXMLSchema-instance%22%3E%0D%0A++%3Ctns0%3AHeader%2F%3E%0D%0A++%3Ctns0%3ABody%3E%0D%0A++++%3Ctns1%3AgetEmployee%3E%0D%0A++++++%3CemployeeNumber%3E0010%3C%2FemployeeNumber%3E%0D%0A++++%3C%2Ftns1%3AgetEmployee%3E%0D%0A++%3C%2Ftns0%3ABody%3E%0D%0A%3C%2Ftns0%3AEnvelope%3E</plainText>
        <MessageHeader backoutCount="0" characterSet="0" encoding="0" expiry="-1" feedback="0" messageFlags="0" messageType="8" messageSequenceNumber="1" offset="0" originalLength="-1" persistence="2" priority="-1" putApplicationType="0" report="0"/>
    </MQInputMessage>
    <MQInputMessage timestamp="1514559680284" nodeId="FCMComposite_1_1" name="Employee 000020" id="1514559680284-934">
        <plainText>%3C%3Fxml+version%3D%221.0%22+encoding%3D%22UTF-8%22%3F%3E%3Ctns0%3AEnvelope+xmlns%3Atns0%3D%22http%3A%2F%2Fschemas.xmlsoap.org%2Fsoap%2Fenvelope%2F%22+xmlns%3Atns1%3D%22http%3A%2F%2FEmployeeService%22+xmlns%3Axsi%3D%22http%3A%2F%2Fwww.w3.org%2F2001%2FXMLSchema-instance%22%3E%0D%0A++%3Ctns0%3AHeader%2F%3E%0D%0A++%3Ctns0%3ABody%3E%0D%0A++++%3Ctns1%3AgetEmployee%3E%0D%0A++++++%3CemployeeNumber%3E000020%3C%2FemployeeNumber%3E%0D%0A++++%3C%2Ftns1%3AgetEmployee%3E%0D%0A++%3C%2Ftns0%3ABody%3E%0D%0A%3C%2Ftns0%3AEnvelope%3E</plainText>
        <MessageHeader backoutCount="0" characterSet="0" encoding="0" expiry="-1" feedback="0" messageFlags="0" messageType="8" messageSequenceNumber="1" offset="0" originalLength="-1" persistence="2" priority="-1" putApplicationType="0" report="0"/>
    </MQInputMessage>
</MessagePool>
